"상품군별","판매매체별",2017.01,2017.02,2017.03,2017.04,2017.05,2017.06,2017.07,2017.08,2017.09,2017.10,2017.11,2017.12,2018.01,2018.02,2018.03,2018.04,2018.05,2018.06,2018.07,2018.08,2018.09,2018.10,2018.11,2018.12,2019.01,2019.02,2019.03,2019.04,2019.05,2019.06,2019.07,2019.08,2019.09,2019.10,2019.11,2019.12,2020.01,2020.02,2020.03,2020.04,2020.05,2020.06,2020.07,2020.08,2020.09,2020.10,2020.11,2020.12,2021.01,2021.02,2021.03,2021.04,2021.05,2021.06,2021.07,2021.08,2021.09,2021.10,2021.11,2021.12,2022.01,2022.02,2022.03,2022.04,2022.05,2022.06,2022.07,2022.08,2022.09 p),2022.10 p)
"합계","계",7310479,7148849,7747011,7380795,7621719,7515130,7898554,7859658,8151143,7661802,8996978,8893647,9027008,8207296,9375766,9034274,9363224,8965075,9653420,9270381,9137279,10016442,10574144,10689701,10811796,9666871,11296239,10763785,11374817,10725166,11302975,11418155,11397646,12008033,12991605,12843750,12106130,11786568,12395207,11865005,12512199,12423338,12766131,13308851,13693126,13744323,14881920,15836939,14837102,13577763,15512273,14700940,15646276,15199135,15648949,15275572,15612445,16367863,16889719,17810403,16481666,15411988,17228659,16464935,17346652,16805402,17048381,17753841,17144757,17711484
"합계","인터넷쇼핑",3390183,3298823,3585449,3304819,3359693,3341138,3404599,3395357,3585077,3247093,3781198,3582993,3689807,3300302,3869098,3628814,3686046,3507124,3709400,3499822,3524171,3773503,3986055,3934853,3994468,3465165,4207216,4047525,4192050,3835061,4065650,4075273,4106183,4255196,4532075,4461119,3930557,3721868,3951377,3885880,3878490,4023242,4032011,4008293,4213929,4219429,4722318,4662833,4201715,3782244,4580239,4087111,4423334,4475154,4187579,4042037,4168813,4369435,4710119,4534307,4053578,3642068,4398340,4185239,4483673,4370545,4106138,4494021,4488689,4788829
"합계","모바일쇼핑",3920295,3850025,4161562,4075976,4262026,4173992,4493955,4464301,4566066,4414710,5215779,5310654,5337201,4906994,5506668,5405460,5677178,5457951,5944021,5770559,5613108,6242938,6588089,6754848,6817328,6201706,7089023,6716261,7182767,6890105,7237325,7342882,7291464,7752837,8459530,8382632,8175573,8064700,8443830,7979125,8633708,8400096,8734120,9300557,9479197,9524894,10159601,11174106,10635386,9795520,10932034,10613829,11222943,10723981,11461370,11233535,11443632,11998428,12179600,13276096,12428087,11769920,12830319,12279696,12862978,12434858,12942243,13259821,12656068,12922655
"컴퓨터 및 주변기기","계",422384,475342,473351,368280,350923,376719,380974,416393,399512,353524,460739,475478,511674,453408,504061,409054,404235,371844,404250,418905,382179,419744,468166,501362,561512,542469,532496,469169,440108,389195,443122,447965,435676,445118,528007,554877,538557,606960,677703,632656,579558,521536,594361,575381,604967,547008,649042,785304,789429,780684,793461,637878,628507,574397,666616,655940,627940,614556,720277,807793,765063,840975,799795,610611,639443,540212,595860,615127,588759,575650
"컴퓨터 및 주변기기","인터넷쇼핑",288391,329143,322089,251604,241871,262908,252949,280831,270647,235350,302907,320177,324233,275786,310948,243815,237559,220404,239475,249200,226280,254118,275284,294467,329496,305306,313340,279362,263783,240539,271299,269744,261053,274936,306368,339917,300558,327981,373194,351931,332893,310283,354188,313156,337999,319138,358166,455333,441902,433263,463397,353623,318085,321949,380836,355068,315002,336509,390405,448385,417444,436160,434634,316434,323192,285195,314338,309595,297705,302090
"컴퓨터 및 주변기기","모바일쇼핑",133993,146200,151262,116675,109053,113811,128025,135562,128865,118174,157832,155301,187441,177621,193113,165240,166676,151440,164775,169705,155899,165626,192882,206895,232016,237163,219156,189807,176325,148657,171823,178221,174623,170182,221639,214960,237999,278978,304509,280725,246665,211254,240173,262225,266968,227870,290876,329971,347528,347421,330065,284255,310422,252447,285781,300871,312938,278047,329873,359409,347618,404815,365161,294177,316251,255017,281522,305532,291054,273560
"가전·전자·통신기기","계",602122,626874,667726,716708,861618,752474,926867,758482,706658,728407,948510,815267,858256,770401,946627,945259,1026133,963674,1188194,960593,792407,989521,1182355,1043945,1063081,982059,1324884,1134227,1296165,1177804,1230419,1198465,1096363,1200192,1357353,1213392,1133601,1327134,1401448,1333909,1548002,1518819,1393142,1638217,1420383,1615545,1904852,1856603,1852363,1594716,1658925,1624222,1769173,1712273,1982115,1770300,1664968,2112143,2050975,2031245,1745219,1910602,1745476,1649638,1808321,1778486,1869645,1912298,1724616,2204542
"가전·전자·통신기기","인터넷쇼핑",307496,328088,349185,366894,417717,366554,432760,359011,343507,333413,462529,387969,398999,351716,435766,420663,447810,424143,511557,424778,340868,429553,517411,470859,451529,403124,568865,523731,577082,488946,522133,511230,462355,525905,568012,518944,448233,542441,575506,566519,604766,590616,548196,605573,526084,626470,779516,727528,694624,582931,629558,605621,623048,608641,695423,633734,542670,772007,730604,694181,609236,628926,612022,585435,598508,563575,577989,612379,517563,827614
"가전·전자·통신기기","모바일쇼핑",294626,298786,318541,349814,443900,385920,494107,399471,363151,394994,485981,427298,459257,418685,510861,524596,578323,539531,676637,535814,451538,559968,664944,573086,611551,578935,756020,610496,719082,688858,708286,687235,634009,674287,789341,694448,685368,784693,825942,767391,943236,928203,844947,1032644,894299,989075,1125335,1129074,1157739,1011785,1029367,1018601,1146125,1103633,1286692,1136566,1122299,1340136,1320371,1337064,1135983,1281676,1133455,1064203,1209813,1214911,1291655,1299919,1207054,1376928
"서적","계",151230,154330,185571,122418,114380,116272,143084,149989,136666,113732,132523,161681,171254,147783,191597,144169,129125,117353,148060,149224,128183,131744,142405,168500,173949,154317,196741,147909,133322,122458,156406,154251,147118,133779,147454,178831,169926,189388,261298,204847,169464,170175,186432,202311,220032,169780,191977,266325,259199,213414,271350,195198,186486,183379,222044,217430,205452,184721,197089,258381,238408,224837,276977,210975,194142,175406,207850,214492,199291,170668
"서적","인터넷쇼핑",103851,106649,126052,82291,78606,78615,95733,100090,88774,72439,87946,103589,107123,93094,121120,91304,81391,72096,90323,91948,77468,80587,86299,102843,100029,90350,114766,86671,78172,70403,89520,88775,82034,75696,84329,99281,87462,100728,137587,106559,91846,90879,98345,105965,114552,90108,101346,138302,126325,108125,140654,100835,95698,92672,106241,108446,98063,92643,101771,128165,105601,103216,128300,104960,98864,85669,101542,105083,97370,86102
"서적","모바일쇼핑",47379,47680,59519,40127,35774,37657,47351,49898,47891,41293,44577,58092,64132,54689,70476,52865,47734,45257,57737,57276,50715,51156,56107,65657,73920,63967,81975,61239,55150,52055,66886,65476,65084,58084,63125,79550,82464,88660,123712,98287,77618,79296,88087,96346,105481,79673,90631,128023,132874,105289,130696,94363,90787,90708,115803,108984,107389,92079,95318,130216,132808,121620,148677,106015,95278,89737,106309,109410,101921,84567
"사무·문구","계",53192,60403,70006,61954,57239,55970,53826,57751,60475,56321,67942,77865,72870,71721,81900,68006,63621,59557,62526,62271,58392,71115,76364,89744,79764,71208,81741,80638,72149,63607,69488,69003,69440,78616,85392,103299,77214,87272,88777,81374,81854,80278,82692,73481,85335,92072,99987,129156,96867,86976,105288,95773,84701,83124,79504,81495,88688,103614,106534,138918,99203,102579,111086,104370,91652,90435,92713,96238,100321,110981
"사무·문구","인터넷쇼핑",37233,41550,45751,41721,39428,37788,35743,38125,39683,37422,44129,50562,46397,46450,51251,41862,39157,36238,37606,37810,33529,41333,43264,50853,42332,37243,43678,44447,38273,32913,36270,36165,35372,38660,42881,49822,35464,38422,37760,35305,35460,36779,37207,31018,36875,40048,44006,54098,38737,34076,44399,40907,34188,35357,32386,33649,35307,42288,47873,57347,37556,38212,39434,38651,30324,32571,33317,33474,34446,41809
"사무·문구","모바일쇼핑",15959,18854,24255,20233,17810,18181,18084,19625,20792,18898,23812,27303,26473,25271,30649,26145,24464,23319,24920,24461,24862,29782,33099,38890,37433,33966,38063,36190,33876,30694,33219,32838,34068,39956,42511,53476,41751,48850,51017,46069,46394,43499,45485,42463,48460,52024,55982,75058,58130,52901,60888,54866,50513,47767,47117,47846,53381,61327,58661,81571,61647,64367,71652,65720,61328,57864,59396,62764,65875,69172
"의복","계",864515,827672,1042742,972647,978235,909742,887371,758225,959679,1034705,1443945,1195890,964236,825152,1163132,1078268,1101406,1017864,992332,828362,1003952,1350908,1482193,1390544,1107321,959743,1238235,1204083,1278281,1133621,1139671,912495,1187128,1413279,1710042,1462342,1027047,938264,1163579,1155879,1322705,1302365,1092426,903288,1139160,1593552,1761425,1492560,1083924,1001223,1453986,1365934,1375013,1396560,1255424,1040043,1296167,1755277,1806676,1812605,1285904,1141302,1551321,1625014,1617887,1501851,1397846,1175566,1473352,1860942
"의복","인터넷쇼핑",397422,382105,478990,441022,439084,394173,392273,338973,434408,439236,586462,458290,392385,336102,482845,447945,453370,410733,394750,326889,399362,493284,554222,509666,453476,384783,467275,464610,500106,440260,457448,347920,431788,509999,592593,520303,344662,317879,381999,404391,439901,433977,375077,312831,389482,528037,623392,511955,343117,299479,449154,434188,439144,453988,387401,322127,396240,524361,588072,553161,365545,317451,433340,467191,473726,442451,401286,331533,411075,539531
"의복","모바일쇼핑",467093,445567,563752,531625,539150,515569,495098,419251,525271,595469,857482,737601,571852,489051,680287,630323,648036,607131,597582,501473,604591,857624,927971,880877,653845,574960,770960,739473,778175,693361,682223,564575,755340,903280,1117449,942040,682385,620386,781580,751488,882804,868388,717349,590457,749677,1065515,1138033,980605,740806,701744,1004832,931746,935868,942572,868023,717915,899926,1230916,1218604,1259445,920358,823851,1117981,1157822,1144161,1059400,996559,844033,1062278,1321410
"신발","계",103798,118631,153293,151628,160562,156160,140746,118311,140246,140365,175549,154928,131568,124447,169117,169439,172582,164251,157952,125953,139473,164235,188387,179236,159646,156431,206810,204171,217438,211418,205065,162540,201008,212645,251485,231875,163078,172717,202992,209318,247007,244096,219823,175627,190865,228078,277583,235591,172563,190876,265603,238449,273203,282988,237440,200407,210742,248054,279231,283715,214947,203623,272707,281447,303140,282081,255834,253609,251312,267319
"신발","인터넷쇼핑",42529,44976,55799,54249,55797,54666,48228,40961,49838,47801,61475,52613,45709,40727,56004,55859,57571,55260,51664,38886,46884,50340,57508,54381,57560,53174,75702,78125,84205,84744,77272,59872,78129,82966,97033,97311,50215,56091,66707,78519,80772,83186,78196,56788,65184,74855,103948,78627,59293,65260,89379,85838,101673,111277,86537,79337,68829,78153,100028,95227,79524,66959,94208,91255,112169,89149,73268,97277,77953,73522
"신발","모바일쇼핑",61269,73655,97495,97379,104765,101494,92518,77350,90408,92565,114073,102315,85859,83720,113113,113580,115010,108990,106288,87067,92588,113895,130879,124855,102086,103257,131109,126046,133233,126674,127793,102668,122879,129679,154452,134564,112863,116626,136285,130799,166235,160910,141627,118839,125681,153223,173635,156964,113270,125617,176224,152611,171530,171711,150903,121070,141913,169901,179203,188488,135423,136663,178500,190192,190972,192932,182566,156331,173359,193797
"가방","계",143643,163204,168660,159399,152370,149442,151719,163461,165215,157007,169508,180854,186542,178154,194190,185469,190609,176525,192018,180739,176869,184737,180036,201321,202289,211934,230083,218640,225132,210523,209939,222228,228842,235527,232236,245214,209623,209098,218312,197855,223745,238258,239820,225361,222912,234555,246595,251948,229370,236077,280917,270707,268539,253042,254968,246344,255293,280783,372703,293022,262846,255724,293711,285692,291330,296603,293550,307303,300138,295731
"가방","인터넷쇼핑",43978,53127,54028,47250,45044,43903,44194,47640,48352,44345,49080,51051,51391,48277,50380,49197,48223,45187,50196,45336,41905,44515,43401,47722,50523,49676,53787,55233,55623,48750,54842,52064,54017,54563,55558,57540,52520,52185,49848,48358,50613,52709,54876,48935,47741,48312,54476,52535,45617,46801,55514,53290,51765,51012,51043,48324,48627,55897,56968,59583,49203,50794,56542,56479,57860,55466,53985,56307,57309,54593
"가방","모바일쇼핑",99665,110077,114633,112149,107327,105539,107525,115821,116864,112662,120428,129802,135151,129877,143810,136272,142386,131338,141822,135402,134965,140222,136635,153599,151766,162258,176296,163407,169509,161773,155097,170164,174824,180964,176678,187674,157103,156913,168464,149498,173132,185549,184944,176426,175171,186243,192120,199413,183753,189276,225403,217418,216774,202030,203925,198019,206666,224886,315735,233439,213643,204930,237169,229213,233470,241137,239566,250996,242829,241138
"패션용품 및 액세서리","계",143439,146885,165677,165183,168702,162825,170035,178204,170345,161449,189580,206100,195299,178379,210147,196288,198073,189401,209945,194350,169357,182647,192160,220802,191270,185262,211277,213521,233789,215417,231955,212401,212056,206328,216318,242365,199331,182790,182878,167749,189517,186921,200200,177172,162797,167234,184018,213764,181348,168376,198420,199495,211157,200125,208256,189094,190296,206119,213977,262800,218744,202831,209966,208919,224381,229002,231273,215193,212836,211032
"패션용품 및 액세서리","인터넷쇼핑",56669,58915,63045,59952,61938,61378,63749,67589,63340,57204,66076,69667,67231,60565,71766,64739,66788,64458,70239,67109,57332,58805,60670,69189,57407,57275,66365,73293,76517,66261,70801,65641,65576,63501,63314,69366,58595,54601,56126,53480,59103,55809,61498,51340,47697,46731,54061,58690,49532,44687,52858,52246,53935,51742,55158,47776,47201,55132,55965,64341,49857,44708,45734,46224,48080,43679,42261,42704,41743,53191
"패션용품 및 액세서리","모바일쇼핑",86770,87970,102632,105230,106764,101447,106286,110615,107005,104244,123504,136433,128067,117814,138381,131549,131286,124943,139706,127241,112025,123842,131490,151613,133863,127988,144911,140228,157272,149156,161154,146760,146480,142827,153004,172999,140736,128189,126752,114268,130413,131111,138702,125832,115100,120503,129957,155074,131816,123688,145562,147249,157222,148383,153098,141318,143096,150987,158012,198458,168886,158123,164232,162695,176301,185323,189013,172490,171092,157841
"스포츠·레저용품","계",201380,207110,257361,283154,292971,289069,292683,266351,265466,274798,313019,258250,230779,200710,283820,298574,330784,325017,360361,300229,304161,389324,373871,332875,275432,251940,331660,361085,408724,363405,391095,337705,343934,406650,417226,361262,277217,287490,361914,429606,484409,484415,500723,412562,450923,555022,541631,473867,366481,334004,462177,522182,513182,500934,520956,474800,510279,591768,550205,514585,401396,379122,487356,555349,595898,525013,533580,504792,528973,613838
"스포츠·레저용품","인터넷쇼핑",104489,106163,128706,135380,138288,137585,133912,122467,124327,126699,141177,118429,104533,91209,123291,129065,137411,133562,145252,123519,126162,157246,150248,133187,110120,101920,138742,155688,168489,145672,159170,136062,138503,160646,157915,142094,104099,108645,129611,156204,167607,169540,175513,135898,149962,185790,188247,162140,120299,107314,150031,163286,154130,153834,160023,142596,145109,174640,171102,162799,122511,114066,138475,154809,169958,145564,144593,137827,143564,179322
"스포츠·레저용품","모바일쇼핑",96891,100947,128655,147775,154683,151484,158771,143884,141138,148099,171843,139821,126246,109501,160529,169509,193374,191456,215110,176711,178000,232078,223624,199688,165312,150020,192918,205397,240235,217734,231926,201643,205431,246005,259311,219167,173118,178845,232303,273402,316802,314875,325209,276664,300961,369232,353384,311726,246182,226690,312145,358895,359052,347100,360934,332204,365170,417128,379103,351786,278885,265056,348881,400540,425939,379449,388987,366964,385409,434516
"화장품","계",654145,729228,715294,583336,622853,652533,619456,652563,717116,677876,789224,703544,770908,746376,831653,802428,818526,772505,778966,801984,849617,894287,911566,873247,901348,863072,1025719,963721,990437,944962,986542,1039664,1102640,1158245,1210348,1193049,1115832,1041073,971374,949965,927351,978091,1002712,1081476,1078717,1039189,1140393,1095910,1094223,920866,1062271,1030379,1146809,1027765,970780,913268,1008814,973702,1076587,947932,872307,863924,951417,848008,911125,869456,782802,821338,863945,865957
"화장품","인터넷쇼핑",273399,300678,353850,251566,262428,274418,258757,280375,331282,311318,354520,290554,335960,316879,391775,363671,361374,333163,335961,342475,392815,401459,398730,352694,328732,301601,416273,384095,396828,375254,397100,433334,483892,502379,530197,492965,465477,422642,525542,590008,519020,565283,597678,674877,629684,587581,645198,554534,575252,437629,527460,500518,589834,490710,440934,351379,425528,423224,448589,262992,216065,222157,276410,231837,218772,224539,167875,175775,216287,220126
"화장품","모바일쇼핑",380746,428550,361445,331769,360424,378115,360699,372187,385834,366559,434703,412990,434948,429497,439877,438758,457152,439341,443006,459509,456801,492829,512836,520553,572616,561471,609446,579626,593608,569708,589441,606331,618749,655866,680151,700083,650355,618432,445832,359957,408331,412807,405033,406599,449033,451608,495195,541375,518971,483237,534811,529862,556975,537055,529846,561889,583286,550478,627998,684940,656242,641766,675007,616172,692353,644917,614927,645563,647658,645831
"아동·유아용품","계",259790,262204,300200,293596,274565,259069,264579,263530,272277,260541,299591,377236,295195,268618,298883,320420,310798,271934,287390,275805,273741,308862,310073,393574,313678,286419,337553,354227,347942,303935,318267,308960,325269,349396,361415,442747,333993,388785,409251,401212,406758,368831,376166,369151,386595,390184,398816,526760,400873,368315,421935,431083,428884,383380,403388,379350,383288,411147,421737,550714,392897,389528,441850,467678,453114,401753,405737,411023,399680,425385
"아동·유아용품","인터넷쇼핑",76647,81434,95343,90564,76554,75478,72696,72846,75971,70801,84549,104274,75872,71246,84298,85677,85549,72371,72132,68243,68616,77542,79117,100708,75693,69315,81126,96255,89934,75393,81422,75234,80547,84728,84398,108853,72913,81789,83675,92023,86362,78369,81839,72777,80320,80801,90984,115200,76521,70253,82214,84967,79405,72304,74714,69458,68650,79438,85677,112892,67921,59535,72136,83207,72410,62781,59671,65637,65027,79814
"아동·유아용품","모바일쇼핑",183143,180770,204856,203032,198011,183591,191882,190684,196306,189740,215042,272962,219323,197372,214584,234743,225249,199563,215258,207562,205124,231320,230956,292866,237986,217104,256428,257972,258008,228542,236846,233726,244722,264669,277017,333894,261080,306996,325576,309189,320396,290462,294327,296374,306275,309383,307832,411560,324352,298062,339722,346116,349479,311076,328674,309892,314639,331708,336060,437822,324975,329993,369713,384470,380704,338972,346066,345386,334654,345571
"음·식료품","계",675851,573082,641671,652914,633354,641593,638176,692641,827851,608615,701590,709684,846822,814658,826873,810015,849044,811245,866906,905132,1000055,910407,927668,925608,1193353,867434,1027271,1058853,1111609,1040151,1092958,1215522,1233759,1190483,1198157,1217181,1401552,1468975,1627809,1509770,1462526,1424733,1569245,1627996,2005192,1640166,1753375,2012854,2111021,1847913,1944814,1932332,1984663,1903169,2021075,2098970,2204911,2002362,2047008,2196710,2471824,2064860,2396300,2249863,2316426,2224985,2264884,2668300,2398747,2263705
"음·식료품","인터넷쇼핑",281528,223285,249069,266606,239172,243369,233432,254664,316807,216216,253308,258055,286550,296445,292272,284398,295067,277793,298775,301451,350883,298644,306595,315251,397250,274273,330978,348841,364339,336297,358010,407028,410214,363472,359235,376396,405023,401037,426110,405679,378213,390146,422976,414896,558260,430377,473006,527402,538740,478391,494532,498446,511403,501952,528411,548595,571371,514537,517773,545216,643681,466220,566100,553386,567566,543249,541155,673057,591714,601212
"음·식료품","모바일쇼핑",394322,349797,392601,386307,394181,398224,404744,437977,511044,392399,448282,451629,560272,518213,534601,525617,553977,533452,568131,603681,649172,611763,621073,610357,796103,593161,696293,710012,747270,703854,734948,808494,823544,827011,838922,840785,996530,1067937,1201699,1104091,1084314,1034587,1146269,1213101,1446932,1209789,1280369,1485452,1572281,1369522,1450282,1433886,1473260,1401216,1492665,1550375,1633540,1487825,1529235,1651494,1828142,1598640,1830200,1696476,1748860,1681736,1723729,1995243,1807033,1662493
"농축수산물","계",259029,167546,194150,176139,175762,180848,182683,194090,288964,174780,208744,221852,251910,289778,228800,215400,221735,214272,224230,235082,310020,238060,256669,254558,413272,231118,278404,286290,285288,269840,282677,321530,374542,313056,325846,341186,450441,438865,494492,443347,394615,393743,436060,472981,689624,466870,485990,625540,694074,609488,555998,537899,553816,522381,557706,602543,721263,553521,556453,651269,875311,572388,704587,631379,623154,595478,606572,746551,704291,611992
"농축수산물","인터넷쇼핑",116799,66964,72315,65812,63704,66113,64551,68512,122538,67310,76101,75792,83591,116806,76413,71138,73233,69204,74924,74292,126449,79931,85916,80784,143447,66686,85583,90963,88609,79003,83075,104335,126828,88826,94042,99393,162219,135947,126509,115011,100988,117419,138365,133228,209930,121772,136546,168884,174795,162402,134616,125689,125639,123152,130523,140588,191882,134678,131521,149190,224961,112437,177148,164160,168499,161293,156316,199303,171654,171525
"농축수산물","모바일쇼핑",142230,100582,121835,110327,112058,114736,118131,125578,166426,107471,132643,146060,168319,172972,152387,144262,148502,145068,149306,160790,183571,158130,170752,173774,269825,164432,192821,195328,196679,190836,199602,217195,247714,224229,231804,241793,288222,302918,367983,328335,293627,276324,297694,339753,479694,345098,349445,456656,519279,447085,421382,412209,428177,399229,427182,461955,529380,418843,424932,502079,650350,459951,527439,467219,454654,434185,450256,547248,532637,440467
"생활용품","계",592310,607119,619493,575323,600558,597243,613589,631622,653743,602048,708613,681900,710430,636039,739338,709864,715962,687897,740180,714937,691804,788705,799848,787821,831769,735651,869192,821882,862291,812251,845351,874832,859634,907585,932759,927285,951436,1136757,1239912,1083795,1151792,1166157,1211740,1268095,1229562,1178870,1220778,1389270,1307225,1160800,1322833,1265568,1312036,1298798,1357939,1336836,1323877,1392998,1397886,1508074,1389874,1368283,1497429,1376855,1419313,1407901,1413807,1491887,1367749,1403519
"생활용품","인터넷쇼핑",245410,252296,266119,246729,247892,246264,240315,245562,265245,227897,274287,264710,261059,234324,271316,272221,259687,245069,258839,244105,238866,272434,273645,271350,274481,239248,290887,294143,296296,267664,280599,288626,281795,291248,295220,298547,273318,316906,340220,322729,327327,334382,332733,323993,333441,315105,334283,379459,336571,303210,353414,331854,339510,342132,347030,337708,329929,360799,370681,382131,342216,305355,346312,327550,342217,324106,310164,329018,300750,357568
"생활용품","모바일쇼핑",346900,354823,353374,328595,352665,350978,373275,386060,388499,374151,434326,417191,449370,401715,468022,437644,456275,442828,481341,470832,452938,516271,526203,516470,557289,496403,578305,527740,565994,544587,564752,586206,577839,616337,637539,628739,678117,819851,899692,761066,824465,831775,879006,944103,896121,863766,886495,1009811,970653,857591,969419,933714,972525,956666,1010909,999128,993949,1032199,1027205,1125944,1047658,1062928,1151117,1049304,1077097,1083795,1103643,1162869,1066999,1045951
"자동차 및 자동차용품","계",80144,76677,81297,80513,87211,88191,94244,92700,86998,80475,89567,85223,77220,65502,83898,82601,84011,81252,91030,84879,78457,88244,98099,94668,96468,79857,106893,97417,106336,98707,97304,112212,169793,106702,159418,115796,113589,161121,211539,133384,143319,260840,158251,202781,217692,153043,214043,202961,151969,153199,347597,179406,396821,516153,166138,296192,342765,210770,361502,282756,234953,224931,405009,241995,357193,432686,253776,406174,503466,239649
"자동차 및 자동차용품","인터넷쇼핑",34744,33549,37139,35727,38442,39538,41482,39414,36519,32422,39536,37716,31543,26428,36667,32750,32931,32724,35786,33296,30829,34981,42105,38056,35085,29204,43395,39003,43129,39230,38768,50770,94800,42339,92297,49755,48441,83042,124122,49017,49346,165332,55495,103261,119525,59738,95880,79483,44762,60482,241197,62906,277646,400036,50493,181886,218593,60481,177267,86468,69906,70170,232463,70099,170321,250073,68284,253502,334332,61841
"자동차 및 자동차용품","모바일쇼핑",45400,43128,44158,44786,48770,48653,52762,53285,50478,48053,50031,47508,45677,39074,47231,49851,51080,48528,55245,51583,47628,53262,55994,56612,61383,50653,63498,58413,63207,59477,58536,61443,74993,64363,67121,66041,65148,78079,87417,84367,93973,95508,102755,99520,98167,93304,118164,123478,107207,92717,106400,116500,119175,116117,115644,114306,124172,150290,184235,196287,165048,154761,172546,171896,186872,182613,185492,152671,169134,177808
"가구","계",188602,219176,240688,206024,201440,203584,211657,226983,227801,223084,242170,220685,251892,241563,277056,260782,254665,243327,247840,244396,242257,296675,295741,280075,284702,273700,309508,288266,289865,274041,266896,279352,291520,324803,329462,323767,298019,363751,433960,401941,397538,394872,381140,405776,443288,448985,443497,484732,475157,435158,499909,449454,438246,431178,429646,428082,422400,452753,455754,479879,437317,466095,475536,421430,426397,417234,402657,429356,400241,423907
"가구","인터넷쇼핑",83204,96989,102935,88744,83217,84221,85175,90905,91966,85731,96351,88111,92737,89192,102507,95591,91504,89702,88726,86515,83475,102783,103195,98788,96792,89084,104367,99194,103232,93606,93750,93136,92330,100944,105773,104115,91266,112451,126814,120495,117527,118207,115810,114048,123937,128338,129688,138834,127893,114888,137291,125621,119006,122974,119796,114364,108431,121500,125411,128579,110491,112404,115953,110247,110292,102990,99546,104801,95560,107214
"가구","모바일쇼핑",105397,122186,137752,117279,118222,119363,126482,136077,135835,137353,145819,132574,159155,152372,174549,165191,163161,153625,159115,157881,158782,193892,192546,181287,187910,184617,205141,189071,186633,180435,173145,186216,199190,223859,223689,219652,206753,251300,307146,281446,280011,276665,265330,291728,319351,320647,313809,345897,347264,320271,362618,323833,319241,308204,309850,313718,313969,331253,330343,351300,326826,353691,359583,311183,316105,314244,303111,324555,304682,316693
"애완용품","계",53096,62005,65265,59383,56112,56092,58500,60590,66077,64491,72675,62280,72178,60944,68634,70338,69233,75126,75847,71481,66227,69666,68301,68077,72818,65332,73144,75924,77463,77825,77944,77351,82670,88768,86415,87025,83991,84374,89927,89355,89750,87477,95766,92128,95225,99316,99917,107468,104221,92148,103965,100816,104796,104255,106243,109202,108359,112452,111730,118824,115572,109928,123337,117750,121264,123100,124142,130784,127332,128314
"애완용품","인터넷쇼핑",22849,24296,25187,23609,22937,22732,22569,23065,24325,22728,25677,23206,24538,20227,22960,22363,22195,23474,21873,21450,18168,21100,19750,19851,20185,19901,21791,24066,24044,22063,22177,21988,25333,25295,23474,24735,20252,19349,21093,21486,20507,20702,21891,19998,20710,23181,24106,23821,21397,18580,21521,19345,20223,20171,20473,20918,18775,22393,21798,20462,21122,15946,18941,18092,17793,18487,17816,18922,18722,25607
"애완용품","모바일쇼핑",30247,37709,40078,35774,33175,33360,35931,37525,41752,41763,46998,39074,47640,40717,45674,47974,47039,51652,53975,50031,48060,48566,48551,48227,52633,45431,51353,51858,53419,55761,55767,55364,57337,63472,62941,62290,63740,65025,68834,67869,69242,66774,73875,72130,74515,76135,75811,83647,82825,73569,82444,81471,84573,84084,85770,88284,89583,90059,89931,98362,94450,93982,104397,99659,103471,104613,106326,111862,108610,102708
"여행 및 교통서비스","계",1215463,1110440,1072596,1134841,1181895,1210908,1379402,1406339,1222948,1207513,1157662,1278343,1491434,1246049,1264187,1320458,1429210,1413924,1568131,1560063,1265599,1329206,1296434,1396719,1538638,1417432,1379761,1395058,1489894,1483712,1651491,1692768,1370146,1486653,1497585,1619104,1534453,704247,336480,435031,553641,593576,793270,789174,547636,683168,691149,470483,499475,578007,622749,698779,791942,816445,810980,802047,774895,924232,1018954,1003605,939991,793741,967886,1364234,1600826,1623473,1785072,1867547,1687908,1700972
"여행 및 교통서비스","인터넷쇼핑",603688,552472,510654,534384,574594,605089,643280,645755,538530,549027,518560,522992,685630,548038,569662,588518,632925,627024,668379,650988,515727,586580,548742,572556,634258,587030,581118,586949,614613,612674,657421,658142,533192,598342,607963,641388,560030,243467,81432,93703,120246,135792,177735,176156,115606,159613,164111,97517,91723,124849,135933,170288,201002,205976,210148,205642,198485,232840,287195,249931,220162,199074,296970,451915,545593,575398,590118,600260,584261,603365
"여행 및 교통서비스","모바일쇼핑",611775,557968,561942,600457,607302,605819,736121,760584,684418,658486,639102,755350,805804,698011,694525,731940,796285,786901,899752,909075,749872,742626,747692,824163,904380,830402,798643,808109,875280,871038,994070,1034627,836955,888311,889622,977716,974423,460780,255047,341328,433394,457784,615535,613018,432030,523556,527039,372965,407752,453158,486816,528491,590940,610468,600832,596405,576410,691391,731760,753673,719829,594667,670916,912319,1055233,1048074,1194953,1267287,1103647,1097607
"문화 및 레저서비스","계",164254,123892,138133,119599,133785,144311,151647,184883,127031,179505,145082,207050,182387,151838,171416,164965,153740,169621,164228,213527,183281,186480,187011,196749,167713,182936,176085,200034,204178,248326,215929,220069,166651,206700,206813,184605,159324,59733,24483,31345,54981,48133,80139,62277,43615,81092,71748,13247,33959,75460,85541,86262,99403,124714,88312,99426,95870,140517,186279,142447,136532,98185,118425,173180,257226,313027,267509,243688,217727,234732
"문화 및 레저서비스","인터넷쇼핑",94242,72901,88936,66084,76776,86509,82271,101624,74496,97818,65460,71778,64022,61442,96087,67870,61998,74968,63614,75356,73836,61376,73373,69403,68836,69543,73468,94922,100869,110917,93469,96812,83251,115207,88214,68436,56757,23916,7925,10968,18870,16451,26991,17358,13055,30193,31263,5373,11864,27763,31829,33138,36310,48142,32184,35024,32693,54820,77348,51179,53125,40281,53920,69733,101309,129907,94157,89491,93951,103911
"문화 및 레저서비스","모바일쇼핑",70012,50991,49197,53515,57009,57802,69376,83259,52535,81688,79622,135272,118365,90396,75329,97095,91742,94653,100614,138171,109445,125104,113638,127346,98877,113392,102617,105113,103309,137409,122460,123257,83400,91494,118599,116169,102567,35817,16558,20377,36111,31682,53148,44919,30560,50899,40486,7874,22095,47697,53712,53124,63094,76572,56128,64402,63178,85697,108930,91268,83407,57904,64505,103447,155917,183121,173352,154197,123776,130821
"e쿠폰서비스","계",88648,80796,90149,84933,98613,95019,91627,100868,100399,96038,124328,150210,105594,129231,139594,133138,169050,165691,171906,180791,203876,202733,239185,267753,240122,234109,257544,226798,275980,259856,282476,309178,276810,302371,369420,345362,312498,329947,354055,339841,345582,315187,348389,353423,403379,363560,408354,524782,464339,480745,486738,443371,497275,484656,487676,483107,532731,451915,509509,631384,593409,528164,565337,519517,593310,484833,556975,577392,657535,575278
"e쿠폰서비스","인터넷쇼핑",14216,11707,12277,12206,14631,16151,15604,17291,17375,16436,20237,27963,20062,20823,23768,21048,31942,34733,32188,27793,35669,34178,39540,40676,35976,26790,34335,29748,35151,33275,35781,53619,34358,35621,45788,40531,35544,36270,49163,40398,45548,42596,52710,46214,49999,50983,53797,51657,54440,49421,61454,45919,52104,56927,55499,52168,48473,42362,44170,62115,55963,53665,62576,59121,70160,52460,66769,81255,94447,91146
"e쿠폰서비스","모바일쇼핑",74432,69089,77872,72727,83982,78868,76023,83577,83024,79602,104091,122247,85532,108408,115826,112090,137108,130958,139718,152998,168207,168555,199645,227077,204146,207319,223209,197050,240829,226581,246695,255559,242452,266750,323632,304831,276954,293677,304892,299443,300034,272591,295679,307209,353380,312577,354557,473125,409899,431324,425284,397452,445171,427729,432177,430939,484258,409553,465339,569269,537446,474499,502761,460396,523150,432373,490206,496137,563088,484132
"음식서비스","계",183355,173924,192095,196543,210565,195630,224624,253760,239118,242774,280640,339540,347457,324245,361763,365956,389395,413053,456927,496930,463750,502456,510496,630349,621909,614963,694509,686320,742382,774478,828915,917005,854892,913722,1026981,1059286,1063820,1135331,1252462,1263148,1320798,1253440,1378600,1676687,1603614,1546338,1642625,2197375,2030620,1824078,1965974,1975909,2140672,1971954,2377984,2418806,2187844,2263884,2071141,2449469,2388571,2244240,2380426,2089098,2065348,2062502,2250976,2235044,1953556,2090977
"음식서비스","인터넷쇼핑",32810,28759,30493,30273,31139,25541,27301,34667,30106,32224,34430,40576,37792,35445,35896,47587,33475,38204,41490,43611,40102,41489,42091,52591,53351,48759,54675,49084,49857,52192,55648,59450,55127,59150,61128,67608,66583,69072,72458,77650,88335,68451,73197,84667,74157,68416,70145,86873,68816,61558,60958,54881,58610,52497,60775,59157,60195,56367,46342,55371,52996,51215,50944,46500,46467,40699,45276,46610,39504,40874
"음식서비스","모바일쇼핑",150546,145165,161602,166271,179426,170090,197324,219093,209012,210551,246210,298964,309665,288800,325867,318369,355920,374849,415437,453319,423648,460967,468405,577758,568558,566204,639833,637236,692525,722286,773268,857555,799765,854572,965853,991679,997237,1066259,1180004,1185498,1232463,1184989,1305403,1592020,1529457,1477922,1572480,2110502,1961804,1762520,1905016,1921028,2082063,1919457,2317210,2359649,2127649,2207517,2024799,2394098,2335576,2193026,2329482,2042598,2018882,2021803,2205700,2188435,1914052,2050103
"기타서비스","계",65597,40733,35946,53217,43491,41104,52019,52619,124287,52464,56711,56692,73143,57680,61834,62168,58382,59336,62419,62096,133184,75523,75220,78190,97802,77885,78986,79595,90207,87966,96756,129122,174802,121149,134574,180256,163697,152190,70484,120736,95438,99843,109815,156855,135657,153745,126198,135899,167707,172090,261767,141633,155068,183801,194937,190724,214751,127148,117772,132668,126876,145051,163411,156483,154980,169324,182433,154173,218423,174761
"기타서비스","인터넷쇼핑",41810,22608,19826,21513,18357,18198,24316,21923,92102,27007,31121,31087,42361,27138,32485,28747,29079,30702,30437,28968,95345,39959,42304,43518,62056,43859,40724,42662,45501,44161,44998,58226,115446,63323,78458,93809,74480,61751,29592,47424,35732,39712,42454,56973,71031,92338,49916,64151,72520,67551,107961,56850,58544,72856,78690,73467,123579,54671,52044,60742,57669,57299,65549,62684,58494,70614,76803,58227,127892,81313
"기타서비스","모바일쇼핑",23788,18125,16120,31704,25133,22907,27703,30697,32185,25456,25590,25605,30782,30542,29349,33421,29302,28634,31983,33127,37839,35564,32916,34672,35746,34027,38262,36933,44706,43805,51758,70896,59355,57826,56116,86448,89217,90439,40892,73312,59706,60131,67361,99882,64626,61407,76282,71748,95187,104539,153806,84783,96524,110945,116247,117257,91172,72477,65728,71926,69207,87752,97862,93799,96486,98710,105630,95946,90531,93448
"기타","계",144492,141578,175648,163064,164517,180332,169045,179305,192273,171293,219066,273094,227959,224621,277245,221213,222905,200405,201779,202654,220440,241164,311896,313984,223939,221598,327742,195957,195838,161668,182308,203535,192953,206265,206900,213645,327892,320307,320078,248943,321848,291553,315220,366650,315957,296952,327924,344541,270696,253150,340055,278210,285885,243666,248823,241168,240852,253428,259739,311609,274502,281075,289315,275450,280783,260562,272887,275967,264556,261632
"기타","인터넷쇼핑",86780,80170,97661,90639,92076,99948,93311,103067,104940,96251,105278,133830,110089,91943,129620,102789,105807,95910,95215,95804,103602,111266,142644,145458,115855,117022,205975,106440,97398,74843,84678,107102,80243,97450,97884,100009,116448,115257,128385,98026,107508,106621,109039,108345,98701,111506,116238,130435,86976,83330,114914,86854,82431,84854,82861,80625,75183,79696,81513,103850,80823,75816,80232,75270,81101,70631,69607,71984,75861,85541
"기타","모바일쇼핑",57713,61409,77987,72425,72441,80383,75734,76238,87334,75041,113788,139263,117870,132678,147626,118425,117098,104495,106564,106850,116839,129898,169252,168526,108084,104577,121766,89517,98440,86824,97630,96433,112710,108815,109016,113636,211444,205051,191693,150918,214340,184932,206181,258305,217256,185446,211686,214106,183720,169820,225141,191355,203454,158812,165961,160544,165669,173732,178226,207759,193680,205259,209083,200180,199682,189931,203280,203983,188696,176091
