diet_type,cost
current,14.517894932808142
current,16.56001912080691
current,68.29713624720758
current,70.33926043520634
current,13.679046108101433
current,15.721170296100203
current,67.45828742250087
current,69.50041161049964
current,16.746173090717868
current,18.788297278716634
current,70.5254144051173
current,72.56753859311607
current,7.931711676839125
current,9.973835864837895
current,61.71095299123856
current,63.75307717923732
current,7.092862852132418
current,9.134987040131188
current,60.872104166531855
current,62.91422835453062
current,10.15998983474885
current,12.20211402274762
current,63.939231149148284
current,65.98135533714705
current,8.731709684572722
current,10.773833872571492
current,62.510950998972156
current,64.55307518697093
current,7.8928608598660155
current,9.934985047864785
current,61.67210217426545
current,63.71422636226421
current,10.959987842482446
current,13.002112030481216
current,64.73922915688188
current,66.78135334488064
current,9.136050767166923
current,11.178174955165693
current,62.915292081566356
current,64.95741626956513
current,8.297201942460216
current,10.339326130458984
current,62.07644325685965
current,64.11856744485841
current,11.364328925076647
current,13.406453113075417
current,65.14357023947608
current,67.18569442747484
current,10.04351185962471
current,12.08563604762348
current,63.82275317402414
current,65.86487736202291
current,9.204663034918003
current,11.246787222916772
current,62.983904349317434
current,65.02602853731621
current,12.271790017534434
current,14.313914205533203
current,66.05103133193387
current,68.09315551993264
current,10.13676707080426
current,12.178891258803029
current,63.916008385203696
current,65.95813257320246
current,9.29791824609755
current,11.34004243409632
current,63.07715956049699
current,65.11928374849576
current,12.365045228713983
current,14.407169416712753
current,66.14428654311341
current,68.18641073111218
current,9.986128603888258
current,12.028252791887027
current,63.76536991828769
current,65.80749410628646
current,9.14727977918155
current,11.18940396718032
current,62.92652109358099
current,64.96864528157975
current,12.214406761797981
current,14.256530949796751
current,65.99364807619742
current,68.03577226419618
current,9.920694091289983
current,11.962818279288753
current,63.699935405689416
current,65.74205959368818
current,9.081845266583278
current,11.123969454582047
current,62.861086580982715
current,64.90321076898148
current,12.148972249199707
current,14.191096437198476
current,65.92821356359914
current,67.97033775159791
current,8.278287404943026
current,10.320411592941793
current,62.05752871934246
current,64.09965290734122
current,7.439438580236317
current,9.481562768235086
current,61.21867989463575
current,63.260804082634515
current,10.506565562852748
current,12.548689750851517
current,64.28580687725218
current,66.32793106525095
current,8.45872145513891
current,10.500845643137678
current,62.23796276953834
current,64.28008695753711
current,7.6198726304322015
current,9.661996818430971
current,61.39911394483163
current,63.4412381328304
current,10.686999613048632
current,12.729123801047402
current,64.46624092744807
current,66.50836511544684
current,8.490045250235173
current,10.532169438233943
current,62.269286564634605
current,64.31141075263338
current,7.6511964255284655
current,9.693320613527234
current,61.4304377399279
current,63.47256192792667
current,10.718323408144897
current,12.760447596143667
current,64.49756472254433
current,66.5396889105431
current,8.760262411090688
current,10.802386599089457
current,62.53950372549012
current,64.58162791348889
current,7.921413586383979
current,9.963537774382749
current,61.70065490078341
current,63.74277908878218
current,10.988540569000412
current,13.030664756999181
current,64.76778188339985
current,66.80990607139861
current,9.767809623334855
current,11.809933811333625
current,63.54705093773429
current,65.58917512573306
current,8.928960798628149
current,10.971084986626918
current,62.70820211302758
current,64.75032630102635
current,11.99608778124458
current,14.03821196924335
current,65.77532909564401
current,67.81745328364278
current,10.767528202964625
current,12.809652390963395
current,64.54676951736405
current,66.58889370536284
current,9.928679378257916
current,11.970803566256686
current,63.70792069265735
current,65.75004488065612
current,12.995806360874349
current,15.037930548873119
current,66.77504767527378
current,68.81717186327255
current,11.180399778499906
current,13.222523966498676
current,64.95964109289935
current,67.00176528089811
current,10.341550953793197
current,12.383675141791967
current,64.12079226819263
current,66.1629164561914
current,13.40867793640963
current,15.4508021244084
current,67.18791925080906
current,69.23004343880783
current,18.080662360205878
current,20.122786548204644
current,71.8599036746053
current,73.90202786260407
current,17.241813535499173
current,19.28393772349794
current,71.0210548498986
current,73.06317903789737
current,20.3089405181156
current,22.351064706114368
current,74.08818183251503
current,76.1303060205138
current,11.494479104236861
current,13.53660329223563
current,65.2737204186363
current,67.31584460663507
current,10.655630279530152
current,12.697754467528922
current,64.43487159392959
current,66.47699578192835
current,13.722757262146585
current,15.764881450145355
current,67.50199857654601
current,69.54412276454478
current,12.294477111970458
current,14.336601299969228
current,66.0737184263699
current,68.11584261436866
current,11.455628287263751
current,13.497752475262521
current,65.23486960166319
current,67.27699378966196
current,14.522755269880184
current,16.564879457878952
current,68.30199658427962
current,70.34412077227839
current,12.698818194564657
current,14.740942382563427
current,66.4780595089641
current,68.52018369696286
current,11.85996936985795
current,13.90209355785672
current,65.63921068425738
current,67.68133487225614
current,14.927096352474381
current,16.96922054047315
current,68.70633766687382
current,70.74846185487259
current,13.606279287022447
current,15.648403475021217
current,67.38552060142187
current,69.42764478942064
current,12.767430462315739
current,14.809554650314508
current,66.54667177671517
current,68.58879596471394
current,15.834557444932171
current,17.87668163293094
current,69.6137987593316
current,71.65592294733037
current,13.699534498201993
current,15.741658686200763
current,67.47877581260143
current,69.5209000006002
current,12.860685673495286
current,14.902809861494056
current,66.63992698789473
current,68.68205117589349
current,15.927812656111717
current,17.969936844110485
current,69.70705397051115
current,71.74917815850992
current,13.548896031285993
current,15.591020219284763
current,67.32813734568543
current,69.3702615336842
current,12.710047206579285
current,14.752171394578054
current,66.48928852097872
current,68.53141270897748
current,15.777174189195717
current,17.819298377194485
current,69.55641550359515
current,71.59853969159391
current,13.48346151868772
current,15.52558570668649
current,67.26270283308715
current,69.30482702108591
current,12.644612693981012
current,14.686736881979781
current,66.42385400838045
current,68.46597819637921
current,15.711739676597444
current,17.753863864596212
current,69.49098099099687
current,71.53310517899564
current,11.841054832340761
current,13.883179020339531
current,65.62029614674019
current,67.66242033473895
current,11.002206007634053
current,13.044330195632822
current,64.78144732203349
current,66.82357151003225
current,14.069332990250485
current,16.111457178249253
current,67.84857430464992
current,69.89069849264868
current,12.021488882536646
current,14.063613070535416
current,65.80073019693607
current,67.84285438493484
current,11.182640057829937
current,13.224764245828707
current,64.96188137222937
current,67.00400556022814
current,14.24976704044637
current,16.291891228445138
current,68.0290083548458
current,70.07113254284457
current,12.05281267763291
current,14.094936865631679
current,65.83205399203234
current,67.87417818003111
current,11.2139638529262
current,13.25608804092497
current,64.99320516732564
current,67.03532935532441
current,14.281090835542633
current,16.3232150235414
current,68.06033214994207
current,70.10245633794084
current,12.323029838488422
current,14.365154026487192
current,66.10227115288785
current,68.14439534088662
current,11.484181013781715
current,13.526305201780485
current,65.26342232818115
current,67.30554651617992
current,14.551307996398146
current,16.593432184396914
current,68.33054931079758
current,70.37267349879635
current,13.330577050732591
current,15.372701238731361
current,67.10981836513203
current,69.1519425531308
current,12.491728226025883
current,14.533852414024652
current,66.27096954042531
current,68.31309372842408
current,15.558855208642315
current,17.600979396641083
current,69.33809652304176
current,71.38022071104052
current,14.330295630362363
current,16.37241981836113
current,68.1095369447618
current,70.15166113276057
current,13.491446805655654
current,15.533570993654424
current,67.27068812005508
current,69.31281230805385
current,16.55857378827209
current,18.600697976270855
current,70.33781510267151
current,72.37993929067028
current,14.743167205897644
current,16.78529139389641
current,68.52240852029708
current,70.56453270829584
current,13.904318381190935
current,15.946442569189704
current,67.68355969559038
current,69.72568388358914
current,16.97144536380737
current,19.013569551806135
current,70.7506866782068
current,72.79281086620557
current,14.95290725250162
current,16.995031440500387
current,68.73214856690105
current,70.77427275489981
current,14.11405842779491
current,16.15618261579368
current,67.89329974219434
current,69.93542393019311
current,17.181185410411345
current,19.22330959841011
current,70.96042672481077
current,73.00255091280954
current,8.366723996532604
current,10.408848184531374
current,62.14596531093204
current,64.18808949893081
current,7.527875171825897
current,9.569999359824667
current,61.30711648622533
current,63.3492406742241
current,10.595002154442328
current,12.637126342441098
current,64.37424346884175
current,66.41636765684054
current,9.166722004266202
current,11.208846192264971
current,62.94596331866563
current,64.9880875066644
current,8.327873179559495
current,10.369997367558264
current,62.10711449395893
current,64.1492386819577
current,11.395000162175927
current,13.437124350174697
current,65.17424147657536
current,67.21636566457413
current,9.5710630868604
current,11.61318727485917
current,63.350304401259834
current,65.3924285892586
current,8.732214262153693
current,10.774338450152463
current,62.511455576553125
current,64.5535797645519
current,11.799341244770124
current,13.841465432768894
current,65.57858255916956
current,67.62070674716833
current,10.47852417931819
current,12.52064836731696
current,64.25776549371763
current,66.2998896817164
current,9.639675354611482
current,11.681799542610252
current,63.41891666901092
current,65.46104085700969
current,12.706802337227915
current,14.748926525226684
current,66.48604365162736
current,68.52816783962612
current,10.571779390497737
current,12.613903578496506
current,64.35102070489717
current,66.39314489289595
current,9.73293056579103
current,11.7750547537898
current,63.512171880190465
current,65.55429606818923
current,12.80005754840746
current,14.84218173640623
current,66.5792988628069
current,68.62142305080566
current,10.421140923581737
current,12.463265111580506
current,64.20038223798117
current,66.24250642597994
current,9.58229209887503
current,11.6244162868738
current,63.361533413274465
current,65.40365760127324
current,12.64941908149146
current,14.69154326949023
current,66.4286603958909
current,68.47078458388967
current,10.355706410983464
current,12.397830598982233
current,64.1349477253829
current,66.17707191338167
current,9.516857586276755
current,11.558981774275525
current,63.29609890067619
current,65.33822308867497
current,12.583984568893188
current,14.626108756891957
current,66.36322588329263
current,68.4053500712914
current,8.713299724636503
current,10.755423912635273
current,62.492541039035935
current,64.53466522703471
current,7.874450899929796
current,9.916575087928566
current,61.65369221432923
current,63.695816402328
current,10.941577882546229
current,12.983702070544998
current,64.72081919694567
current,66.76294338494444
current,8.89373377483239
current,10.93585796283116
current,62.67297508923183
current,64.71509927723059
current,8.05488495012568
current,10.09700913812445
current,61.83412626452512
current,63.876250452523884
current,11.122011932742113
current,13.164136120740883
current,64.90125324714155
current,66.94337743514032
current,8.925057569928653
current,10.967181757927422
current,62.70429888432809
current,64.74642307232686
current,8.086208745221946
current,10.128332933220713
current,61.86545005962138
current,63.90757424762015
current,11.153335727838376
current,13.195459915837146
current,64.93257704223781
current,66.97470123023658
current,9.195274730784165
current,11.237398918782935
current,62.9745160451836
current,65.01664023318237
current,8.356425906077458
current,10.398550094076228
current,62.13566722047689
current,64.17779140847566
current,11.423552888693889
current,13.465677076692659
current,65.20279420309332
current,67.24491839109209
current,10.202821943028335
current,12.244946131027104
current,63.98206325742777
current,66.02418744542653
current,9.363973118321628
current,11.406097306320397
current,63.14321443272106
current,65.18533862071983
current,12.431100100938059
current,14.473224288936828
current,66.2103414153375
current,68.25246560333626
current,11.202540522658104
current,13.244664710656874
current,64.98178183705754
current,67.0239060250563
current,10.363691697951397
current,12.405815885950167
current,64.14293301235082
current,66.1850572003496
current,13.430818680567828
current,15.472942868566598
current,67.21005999496727
current,69.25218418296603
current,11.615412098193385
current,13.657536286192155
current,65.39465341259282
current,67.43677760059158
current,10.776563273486678
current,12.818687461485448
current,64.55580458788612
current,66.59792877588488
current,13.84369025610311
current,15.88581444410188
current,67.62293157050254
current,69.66505575850131
current,18.486495646074964
current,20.52861983407373
current,72.2657369604744
current,74.30786114847317
current,17.64764682136826
current,19.689771009367025
current,71.4268881357677
current,73.46901232376646
current,20.714773803984688
current,22.756897991983454
current,74.49401511838413
current,76.53613930638289
current,11.900312390105947
current,13.942436578104717
current,65.67955370450538
current,67.72167789250415
current,11.061463565399238
current,13.103587753398008
current,64.84070487979868
current,66.88282906779745
current,14.128590548015671
current,16.17071473601444
current,67.90783186241511
current,69.94995605041387
current,12.700310397839544
current,14.742434585838314
current,66.47955171223897
current,68.52167590023774
current,11.861461573132837
current,13.903585761131607
current,65.64070288753227
current,67.68282707553104
current,14.92858855574927
current,16.970712743748038
current,68.7078298701487
current,70.74995405814747
current,13.104651480433743
current,15.146775668432513
current,66.88389279483317
current,68.92601698283194
current,12.265802655727036
current,14.307926843725806
current,66.04504397012647
current,68.08716815812524
current,15.332929638343467
current,17.375053826342235
current,69.1121709527429
current,71.15429514074167
current,14.012112572891533
current,16.0542367608903
current,67.79135388729097
current,69.83347807528973
current,13.173263748184825
current,15.215387936183594
current,66.95250506258427
current,68.99462925058303
current,16.24039073080126
current,18.282514918800025
current,70.0196320452007
current,72.06175623319946
current,14.10536778407108
current,16.147491972069847
current,67.88460909847052
current,69.92673328646929
current,13.266518959364372
current,15.308643147363142
current,67.0457602737638
current,69.08788446176257
current,16.333645941980805
current,18.37577012997957
current,70.11288725638023
current,72.155011444379
current,13.95472931715508
current,15.99685350515385
current,67.73397063155451
current,69.77609481955328
current,13.11588049244837
current,15.15800468044714
current,66.89512180684781
current,68.93724599484658
current,16.183007475064805
current,18.22513166306357
current,69.96224878946424
current,72.004372977463
current,13.889294804556807
current,15.931418992555576
current,67.66853611895624
current,69.710660306955
current,13.050445979850098
current,15.092570167848868
current,66.82968729424954
current,68.8718114822483
current,16.117572962466532
current,18.1596971504653
current,69.89681427686597
current,71.93893846486473
current,12.246888118209847
current,14.289012306208617
current,66.02612943260928
current,68.06825362060805
current,11.408039293503139
current,13.450163481501908
current,65.18728060790258
current,67.22940479590135
current,14.475166276119571
current,16.51729046411834
current,68.25440759051901
current,70.29653177851777
current,12.427322168405732
current,14.469446356404502
current,66.20656348280517
current,68.24868767080393
current,11.588473343699023
current,13.630597531697793
current,65.36771465809846
current,67.40983884609723
current,14.655600326315456
current,16.697724514314224
current,68.4348416407149
current,70.47696582871366
current,12.458645963501995
current,14.500770151500765
current,66.23788727790144
current,68.2800114659002
current,11.619797138795287
current,13.661921326794056
current,65.39903845319472
current,67.44116264119349
current,14.68692412141172
current,16.729048309410487
current,68.46616543581115
current,70.50828962380992
current,12.728863124357508
current,14.770987312356278
current,66.50810443875694
current,68.55022862675571
current,11.890014299650801
current,13.93213848764957
current,65.66925561405023
current,67.711379802049
current,14.957141282267232
current,16.999265470266
current,68.73638259666667
current,70.77850678466544
current,13.736410336601677
current,15.778534524600447
current,67.51565165100111
current,69.55777583899987
current,12.897561511894969
current,14.939685699893738
current,66.6768028262944
current,68.71892701429317
current,15.964688494511401
current,18.00681268251017
current,69.74392980891083
current,71.7860539969096
current,14.736128916231449
current,16.778253104230217
current,68.51537023063088
current,70.55749441862964
current,13.89728009152474
current,15.93940427952351
current,67.67652140592418
current,69.71864559392294
current,16.964407074141175
current,19.00653126213994
current,70.7436483885406
current,72.78577257653937
current,15.149000491766726
current,17.191124679765494
current,68.92824180616616
current,70.97036599416492
current,14.31015166706002
current,16.35227585505879
current,68.08939298145945
current,70.13151716945822
current,17.37727864967645
current,19.419402837675218
current,71.15651996407588
current,73.19864415207465
sustainable,14.112410176214093
sustainable,19.07074038912202
sustainable,52.72257480330373
sustainable,57.68090501621165
sustainable,12.994401000441185
sustainable,17.95273121334911
sustainable,51.60456562753082
sustainable,56.56289584043874
sustainable,17.082236625680068
sustainable,22.040566838587996
sustainable,55.692401252769706
sustainable,60.65073146567764
sustainable,7.534930179940501
sustainable,12.493260392848427
sustainable,46.145094807030134
sustainable,51.10342501993806
sustainable,6.416921004167591
sustainable,11.375251217075517
sustainable,45.02708563125722
sustainable,49.985415844165146
sustainable,10.504756629406474
sustainable,15.4630868423144
sustainable,49.11492125649611
sustainable,54.07325146940404
sustainable,8.333871036643444
sustainable,13.29220124955137
sustainable,46.944035663733075
sustainable,51.902365876641
sustainable,7.215861860870534
sustainable,12.17419207377846
sustainable,45.82602648796017
sustainable,50.7843567008681
sustainable,11.303697486109419
sustainable,16.262027699017345
sustainable,49.91386211319905
sustainable,54.87219232610698
sustainable,8.737677805916775
sustainable,13.6960080188247
sustainable,47.347842433006406
sustainable,52.30617264591433
sustainable,7.619668630143866
sustainable,12.577998843051791
sustainable,46.2298332572335
sustainable,51.18816347014143
sustainable,11.70750425538275
sustainable,16.665834468290676
sustainable,50.31766888247238
sustainable,55.275999095380314
sustainable,9.643939741101798
sustainable,14.602269954009724
sustainable,48.254104368191435
sustainable,53.21243458109936
sustainable,8.52593056532889
sustainable,13.484260778236816
sustainable,47.13609519241852
sustainable,52.09442540532645
sustainable,12.613766190567773
sustainable,17.572096403475697
sustainable,51.223930817657404
sustainable,56.18226103056533
sustainable,9.737071720921195
sustainable,14.695401933829121
sustainable,48.34723634801083
sustainable,53.30556656091876
sustainable,8.619062545148285
sustainable,13.577392758056211
sustainable,47.22922717223792
sustainable,52.18755738514585
sustainable,12.706898170387168
sustainable,17.665228383295094
sustainable,51.3170627974768
sustainable,56.27539301038473
sustainable,9.586632314014116
sustainable,14.544962526922042
sustainable,48.19679694110375
sustainable,53.15512715401168
sustainable,8.468623138241206
sustainable,13.426953351149132
sustainable,47.07878776533084
sustainable,52.03711797823877
sustainable,12.556458763480089
sustainable,17.514788976388015
sustainable,51.166623390569725
sustainable,56.12495360347765
sustainable,9.521284269334219
sustainable,14.479614482242145
sustainable,48.131448896423855
sustainable,53.089779109331786
sustainable,8.403275093561309
sustainable,13.361605306469235
sustainable,47.01343972065094
sustainable,51.971769933558875
sustainable,12.491110718800192
sustainable,17.449440931708118
sustainable,51.101275345889825
sustainable,56.059605558797756
sustainable,7.881047928293672
sustainable,12.839378141201598
sustainable,46.491212555383306
sustainable,51.44954276829124
sustainable,6.763038752520762
sustainable,11.721368965428688
sustainable,45.373203379610395
sustainable,50.331533592518326
sustainable,10.850874377759647
sustainable,15.809204590667573
sustainable,49.461039004849276
sustainable,54.41936921775721
sustainable,8.061243545343116
sustainable,13.019573758251042
sustainable,46.67140817243275
sustainable,51.62973838534067
sustainable,6.943234369570208
sustainable,11.901564582478134
sustainable,45.553398996659844
sustainable,50.511729209567775
sustainable,11.03106999480909
sustainable,15.989400207717017
sustainable,49.641234621898725
sustainable,54.59956483480666
sustainable,8.09252594785846
sustainable,13.050856160766386
sustainable,46.70269057494809
sustainable,51.66102078785602
sustainable,6.974516772085552
sustainable,11.932846984993478
sustainable,45.58468139917519
sustainable,50.54301161208312
sustainable,11.062352397324435
sustainable,16.020682610232363
sustainable,49.67251702441407
sustainable,54.630847237322
sustainable,8.362386032387112
sustainable,13.320716245295039
sustainable,46.972550659476745
sustainable,51.93088087238468
sustainable,7.2443768566142035
sustainable,12.20270706952213
sustainable,45.854541483703834
sustainable,50.812871696611765
sustainable,11.332212481853086
sustainable,16.29054269476101
sustainable,49.94237710894272
sustainable,54.900707321850646
sustainable,9.368601829348291
sustainable,14.326932042256217
sustainable,47.978766456437924
sustainable,52.93709666934585
sustainable,8.250592653575383
sustainable,13.20892286648331
sustainable,46.86075728066502
sustainable,51.81908749357295
sustainable,12.338428278814268
sustainable,17.296758491722194
sustainable,50.9485929059039
sustainable,55.90692311881183
sustainable,10.366999338779634
sustainable,15.32532955168756
sustainable,48.977163965869266
sustainable,53.93549417877719
sustainable,9.248990163006724
sustainable,14.207320375914652
sustainable,47.85915479009636
sustainable,52.81748500300429
sustainable,13.336825788245607
sustainable,18.295156001153533
sustainable,51.94699041533524
sustainable,56.905320628243174
sustainable,10.779325328441717
sustainable,15.737655541349643
sustainable,49.38948995553135
sustainable,54.347820168439284
sustainable,9.661316152668808
sustainable,14.619646365576735
sustainable,48.27148077975844
sustainable,53.22981099266637
sustainable,13.749151777907693
sustainable,18.70748199081562
sustainable,52.35931640499732
sustainable,57.317646617905254
sustainable,16.556680200368625
sustainable,21.515010413276553
sustainable,55.16684482745826
sustainable,60.12517504036619
sustainable,15.438671024595719
sustainable,20.397001237503645
sustainable,54.04883565168535
sustainable,59.007165864593276
sustainable,19.5265066498346
sustainable,24.48483686274253
sustainable,58.13667127692424
sustainable,63.09500148983217
sustainable,9.979200204095035
sustainable,14.93753041700296
sustainable,48.58936483118467
sustainable,53.54769504409259
sustainable,8.861191028322125
sustainable,13.819521241230051
sustainable,47.471355655411756
sustainable,52.42968586831968
sustainable,12.949026653561008
sustainable,17.907356866468934
sustainable,51.559191280650644
sustainable,56.517521493558576
sustainable,10.778141060797976
sustainable,15.736471273705902
sustainable,49.38830568788761
sustainable,54.34663590079553
sustainable,9.660131885025068
sustainable,14.618462097932994
sustainable,48.270296512114705
sustainable,53.228626725022636
sustainable,13.747967510263953
sustainable,18.70629772317188
sustainable,52.358132137353586
sustainable,57.31646235026152
sustainable,11.181947830071307
sustainable,16.140278042979233
sustainable,49.79211245716094
sustainable,54.750442670068864
sustainable,10.063938654298399
sustainable,15.022268867206325
sustainable,48.674103281388035
sustainable,53.63243349429597
sustainable,14.151774279537284
sustainable,19.11010449244521
sustainable,52.761938906626916
sustainable,57.72026911953485
sustainable,12.088209765256332
sustainable,17.046539978164258
sustainable,50.69837439234596
sustainable,55.65670460525389
sustainable,10.970200589483424
sustainable,15.92853080239135
sustainable,49.58036521657306
sustainable,54.53869542948098
sustainable,15.058036214722305
sustainable,20.01636642763023
sustainable,53.66820084181194
sustainable,58.62653105471986
sustainable,12.181341745075725
sustainable,17.13967195798365
sustainable,50.79150637216536
sustainable,55.74983658507328
sustainable,11.063332569302817
sustainable,16.021662782210743
sustainable,49.673497196392454
sustainable,54.631827409300385
sustainable,15.151168194541702
sustainable,20.109498407449628
sustainable,53.761332821631335
sustainable,58.719663034539266
sustainable,12.030902338168646
sustainable,16.989232551076572
sustainable,50.64106696525828
sustainable,55.599397178166214
sustainable,10.912893162395738
sustainable,15.871223375303664
sustainable,49.52305778948537
sustainable,54.4813880023933
sustainable,15.000728787634623
sustainable,19.95905900054255
sustainable,53.61089341472425
sustainable,58.569223627632184
sustainable,11.965554293488749
sustainable,16.923884506396675
sustainable,50.57571892057838
sustainable,55.534049133486306
sustainable,10.84754511771584
sustainable,15.805875330623767
sustainable,49.45770974480548
sustainable,54.41603995771341
sustainable,14.935380742954726
sustainable,19.89371095586265
sustainable,53.54554537004436
sustainable,58.50387558295229
sustainable,10.325317952448204
sustainable,15.28364816535613
sustainable,48.93548257953784
sustainable,53.89381279244577
sustainable,9.207308776675296
sustainable,14.165638989583222
sustainable,47.81747340376493
sustainable,52.77580361667286
sustainable,13.29514440191418
sustainable,18.253474614822107
sustainable,51.90530902900381
sustainable,56.86363924191174
sustainable,10.50551356949765
sustainable,15.463843782405576
sustainable,49.11567819658728
sustainable,54.07400840949521
sustainable,9.38750439372474
sustainable,14.345834606632668
sustainable,47.99766902081438
sustainable,52.95599923372231
sustainable,13.475340018963623
sustainable,18.43367023187155
sustainable,52.08550464605326
sustainable,57.04383485896119
sustainable,10.536795972012994
sustainable,15.49512618492092
sustainable,49.14696059910263
sustainable,54.10529081201055
sustainable,9.418786796240084
sustainable,14.377117009148012
sustainable,48.02895142332972
sustainable,52.987281636237654
sustainable,13.506622421478967
sustainable,18.464952634386893
sustainable,52.116787048568604
sustainable,57.075117261476535
sustainable,10.806656056541646
sustainable,15.764986269449572
sustainable,49.41682068363128
sustainable,54.37515089653921
sustainable,9.688646880768736
sustainable,14.646977093676663
sustainable,48.29881150785837
sustainable,53.2571417207663
sustainable,13.77648250600762
sustainable,18.734812718915546
sustainable,52.386647133097256
sustainable,57.34497734600518
sustainable,11.812871853502825
sustainable,16.77120206641075
sustainable,50.42303648059246
sustainable,55.38136669350038
sustainable,10.694862677729917
sustainable,15.653192890637843
sustainable,49.30502730481955
sustainable,54.263357517727485
sustainable,14.782698302968802
sustainable,19.741028515876728
sustainable,53.392862930058435
sustainable,58.351193142966366
sustainable,12.811269362934167
sustainable,17.769599575842093
sustainable,51.4214339900238
sustainable,56.379764202931725
sustainable,11.693260187161256
sustainable,16.651590400069182
sustainable,50.30342481425089
sustainable,55.26175502715881
sustainable,15.78109581240014
sustainable,20.739426025308067
sustainable,54.39126043948978
sustainable,59.34959065239771
sustainable,13.22359535259625
sustainable,18.181925565504176
sustainable,51.83375997968589
sustainable,56.79209019259382
sustainable,12.105586176823342
sustainable,17.06391638973127
sustainable,50.715750803912975
sustainable,55.67408101682091
sustainable,16.193421802062222
sustainable,21.15175201497015
sustainable,54.803586429151856
sustainable,59.76191664205979
sustainable,14.410854459999785
sustainable,19.36918467290771
sustainable,53.02101908708942
sustainable,57.97934929999735
sustainable,13.292845284226873
sustainable,18.2511754971348
sustainable,51.90300991131651
sustainable,56.86134012422444
sustainable,17.380680909465756
sustainable,22.339011122373684
sustainable,55.99084553655539
sustainable,60.94917574946332
sustainable,7.833374463726189
sustainable,12.791704676634115
sustainable,46.443539090815825
sustainable,51.40186930372376
sustainable,6.715365287953281
sustainable,11.673695500861207
sustainable,45.325529915042914
sustainable,50.283860127950845
sustainable,10.803200913192164
sustainable,15.76153112610009
sustainable,49.413365540281795
sustainable,54.37169575318973
sustainable,8.632315320429132
sustainable,13.590645533337058
sustainable,47.24247994751877
sustainable,52.2008101604267
sustainable,7.514306144656224
sustainable,12.47263635756415
sustainable,46.124470771745855
sustainable,51.08280098465379
sustainable,11.602141769895107
sustainable,16.560471982803033
sustainable,50.212306396984744
sustainable,55.17063660989267
sustainable,9.036122089702463
sustainable,13.994452302610389
sustainable,47.6462867167921
sustainable,52.60461692970003
sustainable,7.918112913929555
sustainable,12.876443126837481
sustainable,46.528277541019186
sustainable,51.48660775392712
sustainable,12.005948539168438
sustainable,16.964278752076364
sustainable,50.616113166258074
sustainable,55.574443379166
sustainable,9.942384024887486
sustainable,14.900714237795412
sustainable,48.55254865197712
sustainable,53.51087886488504
sustainable,8.824374849114578
sustainable,13.782705062022504
sustainable,47.434539476204215
sustainable,52.392869689112146
sustainable,12.912210474353463
sustainable,17.87054068726139
sustainable,51.522375101443096
sustainable,56.48070531435103
sustainable,10.035516004706883
sustainable,14.99384621761481
sustainable,48.645680631796516
sustainable,53.60401084470445
sustainable,8.917506828933973
sustainable,13.875837041841901
sustainable,47.527671456023604
sustainable,52.486001668931536
sustainable,13.005342454172856
sustainable,17.963672667080782
sustainable,51.61550708126249
sustainable,56.57383729417042
sustainable,9.885076597799804
sustainable,14.84340681070773
sustainable,48.49524122488943
sustainable,53.453571437797365
sustainable,8.767067422026894
sustainable,13.72539763493482
sustainable,47.37723204911653
sustainable,52.33556226202445
sustainable,12.854903047265777
sustainable,17.813233260173703
sustainable,51.46506767435541
sustainable,56.423397887263334
sustainable,9.819728553119907
sustainable,14.778058766027833
sustainable,48.42989318020954
sustainable,53.38822339311747
sustainable,8.701719377346997
sustainable,13.660049590254923
sustainable,47.31188400443663
sustainable,52.27021421734456
sustainable,12.78955500258588
sustainable,17.747885215493806
sustainable,51.399719629675516
sustainable,56.35804984258344
sustainable,8.17949221207936
sustainable,13.137822424987286
sustainable,46.78965683916899
sustainable,51.74798705207692
sustainable,7.061483036306451
sustainable,12.019813249214376
sustainable,45.67164766339609
sustainable,50.62997787630401
sustainable,11.149318661545335
sustainable,16.10764887445326
sustainable,49.75948328863497
sustainable,54.71781350154289
sustainable,8.359687829128806
sustainable,13.318018042036732
sustainable,46.96985245621844
sustainable,51.92818266912637
sustainable,7.241678653355896
sustainable,12.200008866263822
sustainable,45.85184328044553
sustainable,50.81017349335346
sustainable,11.32951427859478
sustainable,16.287844491502707
sustainable,49.93967890568441
sustainable,54.89800911859234
sustainable,8.39097023164415
sustainable,13.349300444552076
sustainable,47.001134858733785
sustainable,51.959465071641716
sustainable,7.2729610558712405
sustainable,12.231291268779167
sustainable,45.88312568296087
sustainable,50.841455895868805
sustainable,11.360796681110125
sustainable,16.31912689401805
sustainable,49.970961308199755
sustainable,54.929291521107686
sustainable,8.6608303161728
sustainable,13.619160529080727
sustainable,47.27099494326244
sustainable,52.22932515617036
sustainable,7.542821140399893
sustainable,12.501151353307819
sustainable,46.152985767489525
sustainable,51.11131598039745
sustainable,11.630656765638777
sustainable,16.588986978546703
sustainable,50.240821392728414
sustainable,55.199151605636345
sustainable,9.667046113133983
sustainable,14.62537632604191
sustainable,48.277210740223616
sustainable,53.23554095313155
sustainable,8.549036937361073
sustainable,13.507367150269
sustainable,47.159201564450704
sustainable,52.117531777358636
sustainable,12.636872562599956
sustainable,17.595202775507882
sustainable,51.24703718968959
sustainable,56.20536740259752
sustainable,10.665443622565322
sustainable,15.623773835473248
sustainable,49.27560824965496
sustainable,54.23393846256289
sustainable,9.547434446792414
sustainable,14.50576465970034
sustainable,48.15759907388205
sustainable,53.11592928678998
sustainable,13.635270072031298
sustainable,18.593600284939225
sustainable,52.24543469912093
sustainable,57.20376491202886
sustainable,11.077769612227405
sustainable,16.03609982513533
sustainable,49.68793423931704
sustainable,54.64626445222497
sustainable,9.959760436454497
sustainable,14.918090649362423
sustainable,48.56992506354413
sustainable,53.52825527645206
sustainable,14.047596061693381
sustainable,19.005926274601308
sustainable,52.657760688783014
sustainable,57.61609090169094
sustainable,16.835105934202865
sustainable,21.793436147110793
sustainable,55.4452705612925
sustainable,60.40360077420043
sustainable,15.717096758429959
sustainable,20.675426971337885
sustainable,54.32726138551959
sustainable,59.285591598427516
sustainable,19.80493238366884
sustainable,24.76326259657677
sustainable,58.41509701075848
sustainable,63.37342722366641
sustainable,10.257625937929275
sustainable,15.2159561508372
sustainable,48.86779056501891
sustainable,53.82612077792683
sustainable,9.139616762156365
sustainable,14.097946975064291
sustainable,47.749781389245996
sustainable,52.70811160215392
sustainable,13.227452387395248
sustainable,18.185782600303174
sustainable,51.837617014484884
sustainable,56.795947227392816
sustainable,11.056566794632216
sustainable,16.014897007540142
sustainable,49.66673142172185
sustainable,54.62506163462977
sustainable,9.938557618859308
sustainable,14.896887831767234
sustainable,48.548722245948944
sustainable,53.507052458856876
sustainable,14.026393244098193
sustainable,18.98472345700612
sustainable,52.636557871187826
sustainable,57.59488808409576
sustainable,11.460373563905547
sustainable,16.418703776813473
sustainable,50.07053819099518
sustainable,55.028868403903104
sustainable,10.342364388132639
sustainable,15.300694601040565
sustainable,48.952529015222275
sustainable,53.91085922813021
sustainable,14.430200013371524
sustainable,19.38853022627945
sustainable,53.040364640461156
sustainable,57.99869485336909
sustainable,12.366635499090572
sustainable,17.324965711998498
sustainable,50.9768001261802
sustainable,55.93513033908813
sustainable,11.248626323317664
sustainable,16.20695653622559
sustainable,49.8587909504073
sustainable,54.81712116331522
sustainable,15.336461948556545
sustainable,20.29479216146447
sustainable,53.94662657564618
sustainable,58.9049567885541
sustainable,12.459767478909969
sustainable,17.418097691817895
sustainable,51.069932105999605
sustainable,56.02826231890754
sustainable,11.341758303137057
sustainable,16.300088516044983
sustainable,49.951922930226694
sustainable,54.910253143134625
sustainable,15.429593928375942
sustainable,20.387924141283868
sustainable,54.039758555465575
sustainable,58.998088768373506
sustainable,12.309328072002886
sustainable,17.267658284910812
sustainable,50.91949269909252
sustainable,55.877822912000454
sustainable,11.191318896229978
sustainable,16.149649109137904
sustainable,49.80148352331961
sustainable,54.75981373622754
sustainable,15.279154521468863
sustainable,20.23748473437679
sustainable,53.88931914855849
sustainable,58.847649361466424
sustainable,12.243980027322989
sustainable,17.202310240230915
sustainable,50.85414465441262
sustainable,55.812474867320546
sustainable,11.12597085155008
sustainable,16.084301064458007
sustainable,49.73613547863972
sustainable,54.69446569154765
sustainable,15.213806476788966
sustainable,20.17213668969689
sustainable,53.8239711038786
sustainable,58.78230131678653
sustainable,10.603743686282444
sustainable,15.56207389919037
sustainable,49.21390831337208
sustainable,54.17223852628001
sustainable,9.485734510509536
sustainable,14.444064723417462
sustainable,48.09589913759917
sustainable,53.0542293505071
sustainable,13.57357013574842
sustainable,18.531900348656347
sustainable,52.18373476283805
sustainable,57.14206497574598
sustainable,10.78393930333189
sustainable,15.742269516239816
sustainable,49.39410393042152
sustainable,54.35243414332945
sustainable,9.665930127558982
sustainable,14.624260340466908
sustainable,48.27609475464862
sustainable,53.23442496755655
sustainable,13.753765752797863
sustainable,18.71209596570579
sustainable,52.3639303798875
sustainable,57.32226059279543
sustainable,10.815221705847234
sustainable,15.77355191875516
sustainable,49.42538633293687
sustainable,54.38371654584479
sustainable,9.697212530074326
sustainable,14.655542742982252
sustainable,48.30737715716396
sustainable,53.265707370071894
sustainable,13.785048155313211
sustainable,18.743378368221137
sustainable,52.395212782402844
sustainable,57.353542995310775
sustainable,11.085081790375886
sustainable,16.043412003283812
sustainable,49.69524641746552
sustainable,54.65357663037345
sustainable,9.967072614602978
sustainable,14.925402827510904
sustainable,48.57723724169261
sustainable,53.53556745460054
sustainable,14.05490823984186
sustainable,19.013238452749786
sustainable,52.665072866931496
sustainable,57.62340307983942
sustainable,12.091297587337065
sustainable,17.04962780024499
sustainable,50.7014622144267
sustainable,55.65979242733462
sustainable,10.973288411564157
sustainable,15.931618624472083
sustainable,49.58345303865379
sustainable,54.541783251561725
sustainable,15.061124036803042
sustainable,20.019454249710968
sustainable,53.671288663892675
sustainable,58.629618876800606
sustainable,13.089695096768407
sustainable,18.048025309676333
sustainable,51.69985972385804
sustainable,56.658189936765964
sustainable,11.9716859209955
sustainable,16.930016133903425
sustainable,50.581850548085136
sustainable,55.54018076099307
sustainable,16.05952154623438
sustainable,21.017851759142307
sustainable,54.66968617332402
sustainable,59.62801638623195
sustainable,13.50202108643049
sustainable,18.460351299338416
sustainable,52.11218571352013
sustainable,57.07051592642806
sustainable,12.384011910657582
sustainable,17.34234212356551
sustainable,50.994176537747215
sustainable,55.95250675065515
sustainable,16.471847535896462
sustainable,21.43017774880439
sustainable,55.082012162986096
sustainable,60.04034237589403
